ID,Fecha,Hora,Latitud,Longitud,Profundidad,Magnitud,Detalle,,Localidad,Mapa,Is_blank,Día Semana,Profundidad Number
1,17/09/2020,19:54:36,-33.354,-69.023,11 Km.,2.7,,,MENDOZA,mapa,TRUE,4,11 
2,17/09/2020,19:26:03,-32.829,-68.718,8 Km.,2.7,,,MENDOZA,mapa,TRUE,4,8 
3,14/09/2020,6:46:19,-34.278,-68.705,15 Km.,3.1,"II a III -San Rafael, Mendoza",,MENDOZA,mapa,FALSE,1,15 
4,13/09/2020,12:46:46,-33.367,-69.188,138 Km.,2.9,,,MENDOZA,mapa,TRUE,7,138
5,12/09/2020,0:46:30,-32.164,-68.466,84 Km.,2.5,,,MENDOZA,mapa,TRUE,6,84 
6,11/09/2020,14:50:24,-33.050,-68.954,25 Km.,2.5,,,MENDOZA,mapa,TRUE,5,25 
7,11/09/2020,11:52:28,-32.729,-69.865,119 Km.,3.4,,,MENDOZA,mapa,TRUE,5,119
8,11/09/2020,4:23:20,-33.497,-68.926,17 Km.,2.5,,,MENDOZA,mapa,TRUE,5,17 
9,10/09/2020,17:27:02,-32.685,-68.904,15 Km.,2.7,,,MENDOZA,mapa,TRUE,4,15 
10,10/09/2020,3:51:33,-32.153,-69.337,108 Km.,2.5,,,MENDOZA,mapa,TRUE,4,108
11,09/09/2020,11:15:48,-32.515,-69.678,123 Km.,3.2,,,MENDOZA,mapa,TRUE,3,123
12,08/09/2020,16:20:42,-33.325,-68.155,20 Km.,2.6,,,MENDOZA,mapa,TRUE,2,20 
13,07/09/2020,20:43:52,-32.861,-67.851,8 Km.,2.6,,,MENDOZA,mapa,TRUE,1,8 
14,07/09/2020,20:05:09,-33.613,-68.820,11 Km.,2.6,,,MENDOZA,mapa,TRUE,1,11 
15,07/09/2020,6:47:02,-34.597,-70.125,166 Km.,2.9,,,MENDOZA,mapa,TRUE,1,166
16,05/09/2020,17:52:14,-33.748,-68.942,11 Km.,3.1,"III -San Carlos, Mendoza; II a III -Pareditas, Mendoza; II a III -Ciudad de Mendoza",,MENDOZA,mapa,FALSE,6,11 
17,04/09/2020,18:29:26,-33.521,-68.396,8 Km.,3.0,,,MENDOZA,mapa,TRUE,5,8 
18,04/09/2020,9:50:56,-32.851,-69.205,9 Km.,2.6,II a III -Ciudad de Mendoza,,MENDOZA,mapa,FALSE,5,9 
19,04/09/2020,5:01:08,-33.775,-68.686,12 Km.,2.8,"II a III -San Carlos, Mendoza; II a III -Tunuyán, Mendoza",,MENDOZA,mapa,FALSE,5,12 
20,03/09/2020,19:54:29,-34.729,-68.184,9 Km.,2.7,"II a III -San Rafael, Mendoza",,MENDOZA,mapa,FALSE,4,9 
21,03/09/2020,8:08:52,-33.105,-70.027,21 Km.,2.6,,,MENDOZA,mapa,TRUE,4,21 
22,01/09/2020,23:37:48,-32.295,-67.531,135 Km.,4.2,"II a III -Caucete, San Juan; II a III -Ciudad de San Juan; II a III -Ciudad de Mendoza",,MENDOZA,mapa,FALSE,2,135
23,31/08/2020,4:04:22,-33.091,-69.028,19 Km.,2.6,,,MENDOZA,mapa,TRUE,1,19 
24,30/08/2020,22:19:23,-33.365,-69.259,133 Km.,2.8,,,MENDOZA,mapa,TRUE,7,133
25,30/08/2020,21:06:11,-33.161,-68.019,175 Km.,2.6,,,MENDOZA,mapa,TRUE,7,175
26,30/08/2020,8:39:59,-32.589,-70.022,123 Km.,3.0,,,MENDOZA,mapa,TRUE,7,123
27,28/08/2020,23:03:03,-32.853,-68.363,10 Km.,2.5,,,MENDOZA,mapa,TRUE,5,10 
28,28/08/2020,22:10:26,-32.741,-68.437,15 Km.,3.7,"III a IV -Costa de Araujo, Mendoza; III -Villa Tulumaya, Mendoza; III -Ciudad de Mendoza",,MENDOZA,mapa,FALSE,5,15 
29,28/08/2020,21:11:25,-32.575,-69.840,133 Km.,3.0,,,MENDOZA,mapa,TRUE,5,133
30,28/08/2020,18:41:45,-33.082,-69.086,19 Km.,2.5,,,MENDOZA,mapa,TRUE,5,19 
31,28/08/2020,13:13:18,-33.125,-68.030,9 Km.,2.5,,,MENDOZA,mapa,TRUE,5,9 
32,26/08/2020,0:26:44,-35.105,-70.180,163 Km.,3.0,,,MENDOZA,mapa,TRUE,3,163
33,25/08/2020,16:11:43,-32.202,-69.363,121 Km.,3.0,,,MENDOZA,mapa,TRUE,2,121
34,25/08/2020,15:32:52,-32.688,-69.769,130 Km.,3.0,,,MENDOZA,mapa,TRUE,2,130
35,25/08/2020,0:42:37,-33.101,-67.981,27 Km.,2.9,"II a III -San Martín, Mendoza",,MENDOZA,mapa,FALSE,2,27 
36,23/08/2020,4:08:38,-32.782,-70.014,121 Km.,2.5,,,MENDOZA,mapa,TRUE,7,121
37,23/08/2020,0:07:01,-33.354,-68.284,10 Km.,2.6,,,MENDOZA,mapa,TRUE,7,10 
38,22/08/2020,21:27:47,-33.927,-68.856,7 Km.,2.5,,,MENDOZA,mapa,TRUE,6,7 
39,19/08/2020,14:24:33,-33.331,-69.328,155 Km.,3.0,,,MENDOZA,mapa,TRUE,3,155
40,19/08/2020,5:00:04,-32.667,-69.099,6 Km.,2.9,"II a III -Uspallata, Mendoza; II a III -Ciudad de Mendoza",,MENDOZA,mapa,FALSE,3,6 
41,18/08/2020,19:06:03,-33.155,-70.062,10 Km.,2.8,,,MENDOZA,mapa,TRUE,2,10 
42,18/08/2020,0:45:30,-32.279,-69.372,122 Km.,2.7,,,MENDOZA,mapa,TRUE,2,122
43,18/08/2020,0:14:25,-34.550,-68.177,8 Km.,2.5,,,MENDOZA,mapa,TRUE,2,8 
44,17/08/2020,22:04:59,-33.241,-69.807,10 Km.,3.4,,,MENDOZA,mapa,TRUE,1,10 
45,17/08/2020,19:48:04,-32.191,-69.436,121 Km.,2.9,,,MENDOZA,mapa,TRUE,1,121
46,17/08/2020,1:38:32,-32.208,-69.096,105 Km.,2.5,,,MENDOZA,mapa,TRUE,1,105
47,16/08/2020,16:35:42,-32.606,-69.028,127 Km.,2.5,,,MENDOZA,mapa,TRUE,7,127
48,16/08/2020,14:27:56,-32.902,-69.095,8 Km.,2.8,"II a III -Potrerillos, Mendoza; II a III -Ciudad de Mendoza",,MENDOZA,mapa,FALSE,7,8 
49,16/08/2020,12:51:25,-33.122,-69.019,24 Km.,2.6,,,MENDOZA,mapa,TRUE,7,24 
50,15/08/2020,20:09:44,-33.122,-70.054,23 Km.,2.7,,,MENDOZA,mapa,TRUE,6,23 
51,15/08/2020,14:00:14,-32.929,-69.658,98 Km.,2.6,,,MENDOZA,mapa,TRUE,6,98 
52,15/08/2020,10:17:23,-33.161,-70.066,18 Km.,2.7,,,MENDOZA,mapa,TRUE,6,18 
53,15/08/2020,9:07:31,-33.241,-70.033,8 Km.,2.7,,,MENDOZA,mapa,TRUE,6,8 
54,15/08/2020,4:02:59,-32.574,-67.858,10 Km.,2.5,,,MENDOZA,mapa,TRUE,6,10 
55,15/08/2020,2:29:44,-32.589,-70.143,126 Km.,3.2,,,MENDOZA,mapa,TRUE,6,126
56,13/08/2020,0:16:59,-35.005,-69.549,175 Km.,3.2,,,MENDOZA,mapa,TRUE,4,175
57,12/08/2020,21:13:08,-32.740,-69.583,165 Km.,2.7,,,MENDOZA,mapa,TRUE,3,165
58,12/08/2020,5:35:11,-33.236,-69.070,18 Km.,2.8,,,MENDOZA,mapa,TRUE,3,18 
59,11/08/2020,7:36:07,-33.071,-68.800,11 Km.,2.6,,,MENDOZA,mapa,TRUE,2,11 
60,10/08/2020,22:49:38,-32.330,-69.243,114 Km.,2.5,,,MENDOZA,mapa,TRUE,1,114
61,10/08/2020,15:56:08,-34.008,-68.397,7 Km.,3.9,"II a III -San Rafael, Mendoza; II a III -Ciudad de Mendoza",,MENDOZA,mapa,FALSE,1,7 
62,10/08/2020,3:33:29,-32.849,-69.239,23 Km.,2.5,,,MENDOZA,mapa,TRUE,1,23 
63,09/08/2020,14:59:06,-33.438,-68.836,17 Km.,2.7,,,MENDOZA,mapa,TRUE,7,17 
64,08/08/2020,13:46:51,-32.883,-68.715,10 Km.,3.8,"III -Ciudad de Mendoza; III -Luján de Cuyo, Mendoza; III -San Martín, Mendoza; II a III -Tunuyán, Mendoza",,MENDOZA,mapa,FALSE,6,10 
65,07/08/2020,19:55:13,-32.753,-67.771,28 Km.,2.5,,,MENDOZA,mapa,TRUE,5,28 
66,06/08/2020,9:50:06,-33.632,-67.845,213 Km.,3.3,,,MENDOZA,mapa,TRUE,4,213
67,06/08/2020,8:20:39,-32.631,-69.227,117 Km.,2.6,,,MENDOZA,mapa,TRUE,4,117
68,05/08/2020,18:50:24,-32.320,-68.629,123 Km.,2.5,,,MENDOZA,mapa,TRUE,3,123
69,05/08/2020,5:03:57,-33.101,-69.015,9 Km.,3.0,"II a III -Agrelo, Mendoza; II a III -Ciudad de Mendoza; II a III -San Martín, Mendoza",,MENDOZA,mapa,FALSE,3,9 
70,04/08/2020,0:31:41,-32.885,-69.199,26 Km.,2.5,,,MENDOZA,mapa,TRUE,2,26 
71,02/08/2020,14:24:30,-32.166,-68.383,119 Km.,2.7,,,MENDOZA,mapa,TRUE,7,119
72,02/08/2020,13:55:46,-33.150,-68.102,19 Km.,2.5,,,MENDOZA,mapa,TRUE,7,19 
73,02/08/2020,13:06:48,-32.872,-68.893,118 Km.,2.9,,,MENDOZA,mapa,TRUE,7,118
74,02/08/2020,9:22:43,-32.394,-69.601,124 Km.,2.5,,,MENDOZA,mapa,TRUE,7,124
75,01/08/2020,18:40:51,-33.311,-69.140,15 Km.,2.6,,,MENDOZA,mapa,TRUE,6,15 
76,01/08/2020,9:34:24,-32.780,-68.402,15 Km.,2.5,"II a III -Costa de Araujo, Mendoza",,MENDOZA,mapa,FALSE,6,15 
77,31/07/2020,3:21:13,-32.826,-69.547,122 Km.,3.0,,,MENDOZA,mapa,TRUE,5,122
78,30/07/2020,3:59:09,-33.055,-70.071,38 Km.,3.2,,,MENDOZA,mapa,TRUE,4,38 
79,26/07/2020,20:55:46,-34.261,-68.621,10 Km.,2.5,,,MENDOZA,mapa,TRUE,7,10 
80,26/07/2020,12:02:45,-33.010,-69.182,24 Km.,2.5,,,MENDOZA,mapa,TRUE,7,24 
81,24/07/2020,13:28:19,-32.966,-69.359,23 Km.,2.5,,,MENDOZA,mapa,TRUE,5,23 
82,23/07/2020,3:11:34,-33.060,-70.053,21 Km.,2.5,,,MENDOZA,mapa,TRUE,4,21 
83,21/07/2020,10:16:57,-32.166,-69.537,106 Km.,2.8,,,MENDOZA,mapa,TRUE,2,106
84,21/07/2020,3:34:53,-33.080,-68.356,170 Km.,3.8,,,MENDOZA,mapa,TRUE,2,170
85,19/07/2020,14:11:17,-32.682,-68.805,25 Km.,2.5,,,MENDOZA,mapa,TRUE,7,25 
86,19/07/2020,7:20:39,-32.856,-68.303,13 Km.,2.6,,,MENDOZA,mapa,TRUE,7,13 
87,19/07/2020,7:09:53,-33.191,-68.324,25 Km.,4.1,"III a IV -San Martín, Mendoza; III -Ciudad de Mendoza",,MENDOZA,mapa,FALSE,7,25 
88,18/07/2020,17:13:57,-34.116,-68.695,12 Km.,2.8,,,MENDOZA,mapa,TRUE,6,12 
89,18/07/2020,9:40:11,-33.128,-68.739,11 Km.,2.5,,,MENDOZA,mapa,TRUE,6,11 
90,17/07/2020,0:54:37,-33.591,-68.861,14 Km.,2.7,,,MENDOZA,mapa,TRUE,5,14 
91,16/07/2020,22:04:13,-32.466,-69.519,122 Km.,2.8,,,MENDOZA,mapa,TRUE,4,122
92,16/07/2020,18:52:21,-32.306,-67.904,123 Km.,2.7,,,MENDOZA,mapa,TRUE,4,123
93,16/07/2020,15:57:27,-32.860,-67.821,8 Km.,3.9,"III -San Martín, Mendoza; II a III -Ciudad de Mendoza",,MENDOZA,mapa,FALSE,4,8 
94,16/07/2020,4:56:19,-33.116,-69.506,8 Km.,2.6,,,MENDOZA,mapa,TRUE,4,8 
95,15/07/2020,17:14:45,-33.396,-68.617,11 Km.,2.6,,,MENDOZA,mapa,TRUE,3,11 
96,14/07/2020,15:25:38,-35.351,-70.244,174 Km.,3.0,,,MENDOZA,mapa,TRUE,2,174
97,14/07/2020,3:44:47,-33.703,-68.802,8 Km.,3.6,"III -Tunuyan Mendoza,; II a III -Rivadavia, Mendoza; II a III -Ciudad de Mendoza; II a III -San Martín, Mendoza",,MENDOZA,mapa,FALSE,2,8 
98,09/07/2020,18:10:05,-32.222,-69.361,116 Km.,2.8,,,MENDOZA,mapa,TRUE,4,116
99,09/07/2020,15:05:44,-32.216,-69.214,107 Km.,2.7,,,MENDOZA,mapa,TRUE,4,107
100,08/07/2020,18:00:57,-32.140,-69.433,112 Km.,2.9,,,MENDOZA,mapa,TRUE,3,112
101,08/07/2020,10:24:21,-33.560,-68.871,11 Km.,3.2,"III -Tunuyán, Mendoza; II a III -Ciudad de Mendoza",,MENDOZA,mapa,FALSE,3,11 
102,07/07/2020,22:12:29,-32.996,-69.119,21 Km.,2.7,II a III -Ciudad de Mendoza,,MENDOZA,mapa,FALSE,2,21 
103,07/07/2020,13:17:57,-35.343,-70.099,142 Km.,2.9,,,MENDOZA,mapa,TRUE,2,142
104,06/07/2020,5:28:25,-32.813,-67.929,17 Km.,2.6,,,MENDOZA,mapa,TRUE,1,17 
105,06/07/2020,0:27:32,-32.711,-68.794,141 Km.,3.3,,,MENDOZA,mapa,TRUE,1,141
106,05/07/2020,23:52:26,-32.347,-69.445,134 Km.,3.3,,,MENDOZA,mapa,TRUE,7,134
107,05/07/2020,23:43:41,-32.733,-68.896,140 Km.,3.0,,,MENDOZA,mapa,TRUE,7,140
108,04/07/2020,19:15:20,-33.039,-70.025,112 Km.,2.9,,,MENDOZA,mapa,TRUE,6,112
109,04/07/2020,10:30:13,-33.217,-68.030,40 Km.,2.6,,,MENDOZA,mapa,TRUE,6,40 
110,03/07/2020,18:24:17,-32.822,-69.782,93 Km.,2.5,,,MENDOZA,mapa,TRUE,5,93 
111,03/07/2020,6:05:17,-32.838,-68.382,140 Km.,2.5,,,MENDOZA,mapa,TRUE,5,140
112,01/07/2020,10:35:00,-33.097,-67.320,20 Km.,2.6,,,MENDOZA,mapa,TRUE,3,20 
113,01/07/2020,3:57:55,-32.939,-67.866,164 Km.,3.2,,,MENDOZA,mapa,TRUE,3,164
114,30/06/2020,18:44:54,-34.040,-68.620,21 Km.,2.8,,,MENDOZA,mapa,TRUE,2,21 
115,30/06/2020,3:22:01,-33.615,-67.821,223 Km.,2.6,,,MENDOZA,mapa,TRUE,2,223
116,27/06/2020,20:16:11,-33.579,-68.591,30 Km.,2.5,,,MENDOZA,mapa,TRUE,6,30 
117,27/06/2020,14:39:30,-32.992,-68.242,24 Km.,2.7,,,MENDOZA,mapa,TRUE,6,24 
118,27/06/2020,11:12:07,-32.780,-68.699,20 Km.,3.4,III -Ciudad de Mendoza,,MENDOZA,mapa,FALSE,6,20 
119,26/06/2020,17:36:43,-32.885,-69.093,134 Km.,2.6,,,MENDOZA,mapa,TRUE,5,134
120,26/06/2020,6:34:20,-34.235,-68.984,10 Km.,2.7,,,MENDOZA,mapa,TRUE,5,10 
121,25/06/2020,14:48:46,-32.577,-69.423,106 Km.,2.5,,,MENDOZA,mapa,TRUE,4,106
122,25/06/2020,5:07:42,-33.093,-68.971,10 Km.,2.5,,,MENDOZA,mapa,TRUE,4,10 
123,24/06/2020,22:15:21,-36.098,-70.304,170 Km.,3.3,,,MENDOZA,mapa,TRUE,3,170
124,23/06/2020,19:50:22,-32.864,-68.999,12 Km.,2.8,II a III -Ciudad de Mendoza,,MENDOZA,mapa,FALSE,2,12 
125,23/06/2020,19:47:12,-33.128,-69.365,5 Km.,2.5,,,MENDOZA,mapa,TRUE,2,5 
126,22/06/2020,23:16:48,-32.173,-68.397,127 Km.,3.6,II a III -Ciudad de Mendoza; II a III -Ciudad de San Juan,,MENDOZA,mapa,FALSE,1,127
127,22/06/2020,21:55:40,-33.030,-69.576,134 Km.,2.7,,,MENDOZA,mapa,TRUE,1,134
128,22/06/2020,9:24:07,-32.110,-69.438,128 Km.,3.4,,,MENDOZA,mapa,TRUE,1,128
129,21/06/2020,0:27:23,-35.688,-70.086,196 Km.,3.3,,,MENDOZA,mapa,TRUE,7,196
130,20/06/2020,23:51:52,-33.367,-68.734,8 Km.,2.9,,,MENDOZA,mapa,TRUE,6,8 
131,20/06/2020,15:36:48,-32.794,-69.766,121 Km.,2.9,,,MENDOZA,mapa,TRUE,6,121
132,17/06/2020,8:45:33,-33.110,-68.922,21 Km.,2.6,,,MENDOZA,mapa,TRUE,3,21 
133,14/06/2020,9:01:44,-33.189,-68.966,8 Km.,2.6,"II a III -Agrelo, Mendoza",,MENDOZA,mapa,FALSE,7,8 
134,13/06/2020,14:04:03,-32.672,-68.806,10 Km.,2.7,,,MENDOZA,mapa,TRUE,6,10 
135,13/06/2020,12:21:41,-32.975,-69.353,11 Km.,2.9,,,MENDOZA,mapa,TRUE,6,11 
136,12/06/2020,21:54:20,-34.856,-69.005,33 Km.,3.4,,,MENDOZA,mapa,TRUE,5,33 
137,10/06/2020,12:38:46,-32.954,-68.290,30 Km.,2.5,,,MENDOZA,mapa,TRUE,3,30 
138,09/06/2020,18:08:29,-32.445,-69.682,115 Km.,2.6,,,MENDOZA,mapa,TRUE,2,115
139,09/06/2020,16:50:17,-32.668,-68.915,34 Km.,2.5,,,MENDOZA,mapa,TRUE,2,34 
140,09/06/2020,2:55:07,-32.946,-69.984,112 Km.,3.3,,,MENDOZA,mapa,TRUE,2,112
141,08/06/2020,21:46:49,-33.508,-67.933,177 Km.,2.8,,,MENDOZA,mapa,TRUE,1,177
142,08/06/2020,15:59:49,-32.280,-69.427,125 Km.,2.7,,,MENDOZA,mapa,TRUE,1,125
143,07/06/2020,23:57:07,-32.645,-68.835,133 Km.,3.3,,,MENDOZA,mapa,TRUE,7,133
144,07/06/2020,5:59:01,-32.753,-69.895,124 Km.,2.6,,,MENDOZA,mapa,TRUE,7,124
145,07/06/2020,3:24:29,-32.271,-69.344,121 Km.,2.7,,,MENDOZA,mapa,TRUE,7,121
146,05/06/2020,7:08:55,-32.660,-67.756,8 Km.,2.8,,,MENDOZA,mapa,TRUE,5,8 
147,05/06/2020,5:33:51,-32.322,-69.257,6 Km.,2.5,,,MENDOZA,mapa,TRUE,5,6 
148,05/06/2020,2:03:36,-32.757,-67.200,8 Km.,2.8,,,MENDOZA,mapa,TRUE,5,8 
149,04/06/2020,12:13:55,-32.846,-69.207,8 Km.,2.8,"II a III -Uspallata, Mendoza; II a III -Ciudad de Mendoza",,MENDOZA,mapa,FALSE,4,8 
150,03/06/2020,23:08:54,-33.446,-67.802,202 Km.,3.1,,,MENDOZA,mapa,TRUE,3,202
151,02/06/2020,5:21:12,-33.190,-69.040,146 Km.,2.6,,,MENDOZA,mapa,TRUE,2,146
152,01/06/2020,19:04:40,-35.018,-69.523,193 Km.,3.6,,,MENDOZA,mapa,TRUE,1,193
153,01/06/2020,17:13:09,-32.991,-68.214,9 Km.,2.5,,,MENDOZA,mapa,TRUE,1,9 
154,30/05/2020,13:23:18,-32.832,-68.130,22 Km.,2.8,,,MENDOZA,mapa,TRUE,6,22 
155,30/05/2020,5:46:33,-34.209,-68.730,15 Km.,2.5,,,MENDOZA,mapa,TRUE,6,15 
156,29/05/2020,21:40:22,-33.228,-68.955,33 Km.,2.9,,,MENDOZA,mapa,TRUE,5,33 
157,29/05/2020,0:55:14,-33.216,-68.347,31 Km.,2.6,,,MENDOZA,mapa,TRUE,5,31 
158,28/05/2020,23:12:09,-33.447,-69.019,20 Km.,2.6,,,MENDOZA,mapa,TRUE,4,20 
159,28/05/2020,16:11:02,-34.834,-69.519,189 Km.,3.1,,,MENDOZA,mapa,TRUE,4,189
160,28/05/2020,11:16:54,-32.428,-69.649,128 Km.,2.7,,,MENDOZA,mapa,TRUE,4,128
161,25/05/2020,19:58:32,-32.250,-68.524,126 Km.,2.7,,,MENDOZA,mapa,TRUE,1,126
162,24/05/2020,20:56:19,-32.885,-67.531,172 Km.,3.0,,,MENDOZA,mapa,TRUE,7,172
163,22/05/2020,1:28:57,-34.122,-69.102,13 Km.,3.5,"II a III -San Rafael, Mendoza",,MENDOZA,mapa,FALSE,5,13 
164,21/05/2020,13:56:59,-32.801,-69.488,126 Km.,3.0,,,MENDOZA,mapa,TRUE,4,126
165,21/05/2020,10:09:12,-31.970,-69.135,114 Km.,3.1,,,MENDOZA,mapa,TRUE,4,114
166,21/05/2020,9:48:56,-32.429,-68.905,33 Km.,2.9,,,MENDOZA,mapa,TRUE,4,33 
167,19/05/2020,14:22:32,-32.598,-68.987,13 Km.,3.1,II a III -Ciudad de Mendoza,,MENDOZA,mapa,FALSE,2,13 
168,18/05/2020,21:45:02,-32.805,-70.095,102 Km.,2.7,,,MENDOZA,mapa,TRUE,1,102
169,16/05/2020,2:23:54,-32.205,-69.327,120 Km.,2.6,,,MENDOZA,mapa,TRUE,6,120
170,15/05/2020,16:51:16,-32.688,-68.054,30 Km.,2.6,,,MENDOZA,mapa,TRUE,5,30 
171,14/05/2020,13:31:58,-32.335,-69.554,121 Km.,3.0,,,MENDOZA,mapa,TRUE,4,121
172,14/05/2020,9:14:26,-32.745,-69.998,122 Km.,2.7,,,MENDOZA,mapa,TRUE,4,122
173,14/05/2020,7:36:17,-33.975,-68.614,11 Km.,3.0,,,MENDOZA,mapa,TRUE,4,11 
174,13/05/2020,0:56:52,-33.252,-69.036,26 Km.,2.5,,,MENDOZA,mapa,TRUE,3,26 
175,13/05/2020,0:45:10,-33.177,-68.059,23 Km.,2.7,,,MENDOZA,mapa,TRUE,3,23 
176,12/05/2020,2:48:20,-32.153,-68.300,0 Km.,2.5,,,MENDOZA,mapa,TRUE,2,0 
177,11/05/2020,10:22:40,-32.965,-68.192,19 Km.,2.5,,,MENDOZA,mapa,TRUE,1,19 
178,11/05/2020,8:12:07,-32.615,-68.758,136 Km.,3.4,,,MENDOZA,mapa,TRUE,1,136
179,11/05/2020,0:26:53,-32.794,-68.642,10 Km.,2.7,II a III -Ciudad de Mendoza,,MENDOZA,mapa,FALSE,1,10 
180,10/05/2020,21:42:38,-33.197,-67.548,184 Km.,2.9,,,MENDOZA,mapa,TRUE,7,184
181,10/05/2020,7:47:54,-32.886,-67.602,14 Km.,2.8,,,MENDOZA,mapa,TRUE,7,14 
182,09/05/2020,21:50:01,-33.509,-69.013,161 Km.,2.5,,,MENDOZA,mapa,TRUE,6,161
183,09/05/2020,5:22:50,-33.738,-68.765,13 Km.,2.5,,,MENDOZA,mapa,TRUE,6,13 
184,08/05/2020,7:22:23,-32.593,-69.869,129 Km.,2.9,,,MENDOZA,mapa,TRUE,5,129
185,06/05/2020,19:35:13,-32.269,-67.958,126 Km.,2.9,,,MENDOZA,mapa,TRUE,3,126
186,05/05/2020,2:58:19,-32.888,-69.936,117 Km.,2.6,,,MENDOZA,mapa,TRUE,2,117
187,04/05/2020,12:58:27,-32.366,-68.628,112 Km.,3.5,II a III -Ciudad de Mendoza,,MENDOZA,mapa,FALSE,1,112
188,04/05/2020,0:54:14,-33.919,-68.763,7 Km.,2.6,,,MENDOZA,mapa,TRUE,1,7 
189,03/05/2020,14:51:10,-32.862,-69.182,20 Km.,2.5,,,MENDOZA,mapa,TRUE,7,20 
190,02/05/2020,4:00:51,-32.408,-68.676,131 Km.,3.4,,,MENDOZA,mapa,TRUE,6,131
191,01/05/2020,5:54:39,-33.198,-69.044,139 Km.,2.5,,,MENDOZA,mapa,TRUE,5,139
192,01/05/2020,1:57:00,-32.766,-68.749,13 Km.,3.5,III a IV -Ciudad de Mendoza; II a III -Ciudad de San Juan,,MENDOZA,mapa,FALSE,5,13 
193,30/04/2020,11:21:23,-33.196,-68.358,29 Km.,2.8,,,MENDOZA,mapa,TRUE,4,29 
194,27/04/2020,23:30:47,-32.376,-69.687,111 Km.,2.5,,,MENDOZA,mapa,TRUE,1,111
195,27/04/2020,10:03:21,-36.099,-70.217,180 Km.,2.8,,,MENDOZA,mapa,TRUE,1,180
196,25/04/2020,17:40:05,-32.711,-69.876,22 Km.,2.7,,,MENDOZA,mapa,TRUE,6,22 
197,24/04/2020,7:59:05,-32.148,-69.461,110 Km.,2.7,,,MENDOZA,mapa,TRUE,5,110
198,23/04/2020,23:12:03,-32.925,-69.125,7 Km.,2.6,,,MENDOZA,mapa,TRUE,4,7 
199,23/04/2020,11:31:46,-33.010,-68.320,33 Km.,2.7,,,MENDOZA,mapa,TRUE,4,33 
200,22/04/2020,17:15:28,-32.402,-67.619,134 Km.,2.6,,,MENDOZA,mapa,TRUE,3,134
201,22/04/2020,5:21:09,-32.146,-69.326,129 Km.,4.0,III -Ciudad de Mendoza; II a III -Ciudad de San Juan,,MENDOZA,mapa,FALSE,3,129
202,21/04/2020,19:47:34,-32.936,-68.624,19 Km.,2.7,II a III -Ciudad de Mendoza,,MENDOZA,mapa,FALSE,2,19 
203,21/04/2020,16:47:40,-32.812,-69.912,130 Km.,2.9,,,MENDOZA,mapa,TRUE,2,130
204,20/04/2020,23:58:24,-32.798,-68.680,20 Km.,3.8,"III a IV -Ciudad de Mendoza; III -San Martín, Mendoza",,MENDOZA,mapa,FALSE,1,20 
205,20/04/2020,21:58:04,-33.019,-69.204,126 Km.,2.5,,,MENDOZA,mapa,TRUE,1,126
206,16/04/2020,14:16:17,-34.163,-66.807,40 Km.,3.3,,,MENDOZA,mapa,TRUE,4,40 
207,16/04/2020,10:23:11,-33.242,-68.010,15 Km.,2.6,,,MENDOZA,mapa,TRUE,4,15 
208,15/04/2020,21:52:55,-32.304,-68.538,117 Km.,2.7,,,MENDOZA,mapa,TRUE,3,117
209,15/04/2020,11:44:06,-32.802,-68.647,27 Km.,2.9,,,MENDOZA,mapa,TRUE,3,27 
210,15/04/2020,7:15:20,-32.775,-68.440,15 Km.,2.6,,,MENDOZA,mapa,TRUE,3,15 
211,14/04/2020,14:23:35,-32.247,-67.548,12 Km.,2.5,,,MENDOZA,mapa,TRUE,2,12 
212,13/04/2020,18:29:27,-33.335,-69.045,19 Km.,2.7,"II a III -Luján de Cuyo, Mendoza",,MENDOZA,mapa,FALSE,1,19 
213,12/04/2020,22:25:20,-33.014,-68.219,9 Km.,2.9,,,MENDOZA,mapa,TRUE,7,9 
214,12/04/2020,21:40:47,-32.228,-69.535,120 Km.,2.7,,,MENDOZA,mapa,TRUE,7,120
215,11/04/2020,18:02:05,-32.949,-67.561,178 Km.,2.7,,,MENDOZA,mapa,TRUE,6,178
216,11/04/2020,14:35:58,-34.706,-70.092,165 Km.,3.4,,,MENDOZA,mapa,TRUE,6,165
217,11/04/2020,2:38:36,-33.023,-69.176,19 Km.,2.9,,,MENDOZA,mapa,TRUE,6,19 
218,10/04/2020,21:24:19,-32.755,-69.096,24 Km.,3.2,II a III -Ciudad de Mendoza,,MENDOZA,mapa,FALSE,5,24 
219,09/04/2020,20:48:55,-32.843,-69.975,129 Km.,2.8,,,MENDOZA,mapa,TRUE,4,129
220,09/04/2020,10:09:07,-33.380,-68.259,39 Km.,2.5,,,MENDOZA,mapa,TRUE,4,39 
221,09/04/2020,6:52:18,-33.063,-67.737,235 Km.,2.6,,,MENDOZA,mapa,TRUE,4,235
222,06/04/2020,7:31:47,-33.071,-68.291,37 Km.,2.9,,,MENDOZA,mapa,TRUE,1,37 
223,05/04/2020,16:55:22,-33.264,-68.995,31 Km.,2.6,,,MENDOZA,mapa,TRUE,7,31 
224,01/04/2020,10:56:45,-32.863,-68.864,33 Km.,2.7,,,MENDOZA,mapa,TRUE,3,33 
225,31/03/2020,19:12:10,-32.963,-68.266,23 Km.,2.5,,,MENDOZA,mapa,TRUE,2,23 
226,31/03/2020,9:23:32,-33.827,-68.915,21 Km.,2.9,,,MENDOZA,mapa,TRUE,2,21 
227,30/03/2020,21:13:14,-32.151,-68.261,120 Km.,2.5,,,MENDOZA,mapa,TRUE,1,120
228,30/03/2020,3:43:10,-32.604,-68.082,175 Km.,2.5,,,MENDOZA,mapa,TRUE,1,175
229,29/03/2020,20:17:31,-33.655,-68.637,11 Km.,2.7,,,MENDOZA,mapa,TRUE,7,11 
230,29/03/2020,19:14:01,-32.688,-68.747,134 Km.,2.9,,,MENDOZA,mapa,TRUE,7,134
231,28/03/2020,0:15:06,-32.775,-68.530,11 Km.,2.5,,,MENDOZA,mapa,TRUE,6,11 
232,28/03/2020,0:15:05,-32.791,-68.494,18 Km.,2.6,II a III -Ciudad de Mendoza,,MENDOZA,mapa,FALSE,6,18 
233,26/03/2020,15:28:22,-32.840,-67.857,11 Km.,2.8,,,MENDOZA,mapa,TRUE,4,11 
234,26/03/2020,0:17:28,-32.663,-68.454,135 Km.,2.6,,,MENDOZA,mapa,TRUE,4,135
235,25/03/2020,11:22:46,-32.939,-68.646,18 Km.,2.6,,,MENDOZA,mapa,TRUE,3,18 
236,24/03/2020,17:21:38,-32.906,-68.620,17 Km.,2.7,,,MENDOZA,mapa,TRUE,2,17 
237,24/03/2020,13:59:21,-32.218,-69.615,116 Km.,2.7,,,MENDOZA,mapa,TRUE,2,116
238,23/03/2020,20:19:37,-33.432,-68.856,7 Km.,2.5,,,MENDOZA,mapa,TRUE,1,7 
239,23/03/2020,6:11:45,-32.967,-69.468,130 Km.,2.7,,,MENDOZA,mapa,TRUE,1,130
240,22/03/2020,22:12:19,-32.677,-68.939,130 Km.,2.6,,,MENDOZA,mapa,TRUE,7,130
241,22/03/2020,17:40:51,-32.880,-69.044,10 Km.,2.8,,,MENDOZA,mapa,TRUE,7,10 
242,20/03/2020,16:09:12,-33.241,-68.985,11 Km.,2.7,,,MENDOZA,mapa,TRUE,5,11 
243,19/03/2020,1:36:07,-32.801,-69.908,121 Km.,2.9,,,MENDOZA,mapa,TRUE,4,121
244,18/03/2020,7:29:51,-32.947,-69.284,20 Km.,2.7,,,MENDOZA,mapa,TRUE,3,20 
245,16/03/2020,8:21:15,-32.773,-68.622,10 Km.,3.4,II a III -Ciudad de Mendoza,,MENDOZA,mapa,FALSE,1,10 
246,14/03/2020,11:55:42,-35.051,-70.136,152 Km.,2.8,,,MENDOZA,mapa,TRUE,6,152
247,14/03/2020,7:49:59,-32.627,-69.771,128 Km.,2.7,,,MENDOZA,mapa,TRUE,6,128
248,14/03/2020,4:01:48,-33.446,-68.528,15 Km.,2.9,,,MENDOZA,mapa,TRUE,6,15 
249,13/03/2020,5:05:05,-32.110,-69.268,121 Km.,2.8,,,MENDOZA,mapa,TRUE,5,121
250,12/03/2020,11:38:06,-34.304,-68.057,199 Km.,3.9,,,MENDOZA,mapa,TRUE,4,199
251,11/03/2020,22:42:07,-35.144,-70.134,161 Km.,3.2,,,MENDOZA,mapa,TRUE,3,161
252,11/03/2020,0:17:48,-32.755,-67.327,10 Km.,2.6,,,MENDOZA,mapa,TRUE,3,10 
253,10/03/2020,16:02:22,-33.143,-68.955,20 Km.,2.5,,,MENDOZA,mapa,TRUE,2,20 
254,09/03/2020,15:30:03,-32.265,-67.656,133 Km.,3.9,,,MENDOZA,mapa,TRUE,1,133
255,09/03/2020,0:48:56,-33.228,-68.065,22 Km.,2.5,,,MENDOZA,mapa,TRUE,1,22 
256,08/03/2020,15:47:31,-32.754,-68.778,29 Km.,2.6,,,MENDOZA,mapa,TRUE,7,29 
257,08/03/2020,9:58:14,-33.121,-69.002,24 Km.,2.7,,,MENDOZA,mapa,TRUE,7,24 
258,07/03/2020,22:51:29,-33.368,-67.897,190 Km.,2.7,,,MENDOZA,mapa,TRUE,6,190
259,06/03/2020,18:48:19,-33.432,-68.342,29 Km.,2.9,,,MENDOZA,mapa,TRUE,5,29 
260,05/03/2020,16:26:25,-32.745,-68.664,9 Km.,2.5,,,MENDOZA,mapa,TRUE,4,9 
261,04/03/2020,4:02:20,-33.101,-69.056,11 Km.,2.7,,,MENDOZA,mapa,TRUE,3,11 
262,02/03/2020,6:44:54,-32.878,-69.175,128 Km.,2.6,,,MENDOZA,mapa,TRUE,1,128
263,02/03/2020,6:14:52,-32.610,-68.894,9 Km.,2.5,,,MENDOZA,mapa,TRUE,1,9 
264,01/03/2020,17:59:21,-33.093,-68.731,8 Km.,2.7,,,MENDOZA,mapa,TRUE,7,8 
265,01/03/2020,1:31:45,-32.433,-68.459,132 Km.,2.5,,,MENDOZA,mapa,TRUE,7,132
266,28/02/2020,15:13:08,-33.297,-69.439,17 Km.,2.5,,,MENDOZA,mapa,TRUE,5,17 
267,27/02/2020,16:41:54,-32.113,-69.175,114 Km.,2.6,,,MENDOZA,mapa,TRUE,4,114
268,27/02/2020,4:59:37,-33.115,-69.971,120 Km.,2.6,,,MENDOZA,mapa,TRUE,4,120
269,26/02/2020,21:34:45,-32.854,-68.670,150 Km.,3.2,,,MENDOZA,mapa,TRUE,3,150
270,23/02/2020,21:50:51,-32.698,-69.875,126 Km.,2.7,,,MENDOZA,mapa,TRUE,7,126
271,22/02/2020,17:31:48,-32.672,-69.121,24 Km.,2.6,,,MENDOZA,mapa,TRUE,6,24 
272,20/02/2020,19:46:20,-32.708,-69.193,11 Km.,2.6,,,MENDOZA,mapa,TRUE,4,11 
273,19/02/2020,12:21:56,-32.810,-69.527,125 Km.,3.6,,,MENDOZA,mapa,TRUE,3,125
274,17/02/2020,5:24:59,-33.645,-67.790,191 Km.,2.8,,,MENDOZA,mapa,TRUE,1,191
275,14/02/2020,12:15:21,-32.170,-69.321,117 Km.,2.6,,,MENDOZA,mapa,TRUE,5,117
276,14/02/2020,5:32:52,-32.666,-69.890,126 Km.,2.5,,,MENDOZA,mapa,TRUE,5,126
277,10/02/2020,14:24:07,-32.864,-69.253,26 Km.,2.8,,,MENDOZA,mapa,TRUE,1,26 
278,07/02/2020,4:53:07,-32.683,-70.024,123 Km.,2.5,,,MENDOZA,mapa,TRUE,5,123
279,05/02/2020,12:20:22,-32.012,-69.170,119 Km.,3.0,,,MENDOZA,mapa,TRUE,3,119
280,04/02/2020,20:37:41,-32.771,-68.835,10 Km.,2.6,II a III -Ciudad de Mendoza,,MENDOZA,mapa,FALSE,2,10 
281,02/02/2020,14:03:25,-34.134,-67.035,23 Km.,3.0,,,MENDOZA,mapa,TRUE,7,23 
282,01/02/2020,13:31:38,-33.121,-68.985,16 Km.,3.7,"III -Agrelo, Mendoza; II a III -Ciudad de Mendoza",,MENDOZA,mapa,FALSE,6,16 
283,30/01/2020,23:08:03,-32.629,-69.461,134 Km.,3.1,,,MENDOZA,mapa,TRUE,4,134
284,30/01/2020,20:32:45,-32.739,-68.894,12 Km.,2.6,,,MENDOZA,mapa,TRUE,4,12 
285,30/01/2020,19:12:57,-32.563,-68.484,133 Km.,2.6,,,MENDOZA,mapa,TRUE,4,133
286,30/01/2020,8:43:15,-33.136,-68.566,25 Km.,2.6,,,MENDOZA,mapa,TRUE,4,25 
287,30/01/2020,5:10:25,-32.564,-68.829,8 Km.,2.5,,,MENDOZA,mapa,TRUE,4,8 
288,30/01/2020,4:15:05,-33.818,-67.059,12 Km.,2.9,,,MENDOZA,mapa,TRUE,4,12 
289,30/01/2020,2:58:22,-33.702,-67.057,8 Km.,2.6,,,MENDOZA,mapa,TRUE,4,8 
290,29/01/2020,20:53:17,-33.747,-67.024,9 Km.,3.0,,,MENDOZA,mapa,TRUE,3,9 
291,29/01/2020,7:02:56,-32.387,-69.584,133 Km.,2.7,,,MENDOZA,mapa,TRUE,3,133
292,27/01/2020,10:20:02,-32.310,-67.814,119 Km.,2.5,,,MENDOZA,mapa,TRUE,1,119
293,26/01/2020,17:17:15,-35.101,-68.225,12 Km.,3.5,,,MENDOZA,mapa,TRUE,7,12 
294,25/01/2020,23:20:33,-33.064,-68.582,10 Km.,3.0,"II a III -San Martín, Mendoza; II a III -Ciudad de Mendoza",,MENDOZA,mapa,FALSE,6,10 
295,25/01/2020,12:22:54,-35.450,-70.079,189 Km.,3.0,,,MENDOZA,mapa,TRUE,6,189
296,24/01/2020,13:25:17,-32.947,-69.992,121 Km.,2.7,,,MENDOZA,mapa,TRUE,5,121
297,24/01/2020,3:16:50,-32.420,-69.450,127 Km.,2.6,,,MENDOZA,mapa,TRUE,5,127
298,22/01/2020,8:05:34,-32.933,-68.673,10 Km.,2.7,,,MENDOZA,mapa,TRUE,3,10 
299,20/01/2020,14:00:43,-32.141,-69.234,123 Km.,2.8,,,MENDOZA,mapa,TRUE,1,123
300,19/01/2020,23:37:40,-32.114,-68.430,118 Km.,3.0,,,MENDOZA,mapa,TRUE,7,118
301,19/01/2020,13:35:55,-33.675,-68.276,29 Km.,3.0,,,MENDOZA,mapa,TRUE,7,29 
302,17/01/2020,10:05:12,-32.068,-69.425,115 Km.,2.6,,,MENDOZA,mapa,TRUE,5,115
303,17/01/2020,4:13:38,-33.380,-68.592,8 Km.,2.5,,,MENDOZA,mapa,TRUE,5,8 
304,16/01/2020,8:16:53,-32.922,-68.653,10 Km.,3.0,"II a III -Ciudad de Mendoza; II a III -San Martín, Mendoza",,MENDOZA,mapa,FALSE,4,10 
305,16/01/2020,7:21:44,-32.767,-69.263,9 Km.,2.5,,,MENDOZA,mapa,TRUE,4,9 
306,16/01/2020,5:52:17,-32.990,-69.880,132 Km.,2.9,,,MENDOZA,mapa,TRUE,4,132
307,16/01/2020,3:32:52,-33.666,-68.324,10 Km.,2.5,,,MENDOZA,mapa,TRUE,4,10 
308,16/01/2020,3:06:49,-33.147,-68.850,10 Km.,3.2,III -Ciudad de Mendoza,,MENDOZA,mapa,FALSE,4,10 
309,15/01/2020,21:14:29,-33.811,-68.737,22 Km.,2.5,,,MENDOZA,mapa,TRUE,3,22 
310,15/01/2020,20:06:50,-32.064,-69.249,123 Km.,2.5,,,MENDOZA,mapa,TRUE,3,123
311,15/01/2020,15:45:15,-32.949,-68.668,31 Km.,2.8,,,MENDOZA,mapa,TRUE,3,31 
312,15/01/2020,12:23:12,-32.946,-68.627,11 Km.,3.7,"III -San Martín, Mendoza; III -Ciudad de Mendoza",,MENDOZA,mapa,FALSE,3,11 
313,15/01/2020,12:14:08,-32.913,-68.604,21 Km.,3.1,"II a III -San Martín, Mendoza; II a III -Ciudad Mendoza",,MENDOZA,mapa,FALSE,3,21 
314,15/01/2020,11:39:29,-32.994,-68.539,15 Km.,4.8,"V -San Martín, Mendoza; IV a V -Ciudad de Mendoza",,MENDOZA,mapa,FALSE,3,15 
315,13/01/2020,22:22:11,-32.843,-67.811,146 Km.,2.6,,,MENDOZA,mapa,TRUE,1,146
316,13/01/2020,22:04:28,-33.344,-68.647,30 Km.,3.2,,,MENDOZA,mapa,TRUE,1,30 
317,13/01/2020,15:50:36,-32.707,-68.803,8 Km.,2.6,,,MENDOZA,mapa,TRUE,1,8 
318,11/01/2020,9:11:45,-33.148,-69.792,124 Km.,3.2,,,MENDOZA,mapa,TRUE,6,124
319,11/01/2020,0:01:01,-33.128,-68.917,10 Km.,2.5,"II a III -Ciudad de Mendoza; II a III -San Martín, Mendoza",,MENDOZA,mapa,FALSE,6,10 
320,09/01/2020,9:25:54,-32.524,-67.825,23 Km.,3.2,,,MENDOZA,mapa,TRUE,4,23 
321,08/01/2020,23:34:53,-32.455,-69.071,125 Km.,2.8,,,MENDOZA,mapa,TRUE,3,125
322,08/01/2020,23:19:04,-32.339,-69.648,135 Km.,2.9,,,MENDOZA,mapa,TRUE,3,135
323,08/01/2020,18:50:17,-32.980,-69.097,33 Km.,2.5,,,MENDOZA,mapa,TRUE,3,33 
324,07/01/2020,18:22:57,-34.912,-68.049,16 Km.,3.7,"III -San Rafael, Mendoza; III -Gral. Alvear, Mendoza",,MENDOZA,mapa,FALSE,2,16 
325,07/01/2020,1:01:45,-33.755,-66.924,11 Km.,2.9,,,MENDOZA,mapa,TRUE,2,11 
326,06/01/2020,21:17:08,-32.606,-70.027,120 Km.,2.8,,,MENDOZA,mapa,TRUE,1,120
327,06/01/2020,8:22:57,-32.126,-68.429,122 Km.,3.3,,,MENDOZA,mapa,TRUE,1,122
328,06/01/2020,6:51:11,-33.193,-69.016,14 Km.,2.7,,,MENDOZA,mapa,TRUE,1,14 
329,05/01/2020,6:04:39,-32.119,-69.344,113 Km.,2.6,,,MENDOZA,mapa,TRUE,7,113
330,05/01/2020,1:31:09,-32.988,-69.719,134 Km.,2.5,,,MENDOZA,mapa,TRUE,7,134
331,04/01/2020,9:51:27,-32.883,-68.411,9 Km.,2.6,,,MENDOZA,mapa,TRUE,6,9 
332,03/01/2020,23:10:24,-32.187,-69.336,120 Km.,3.5,,,MENDOZA,mapa,TRUE,5,120
333,03/01/2020,22:01:43,-31.970,-69.158,114 Km.,2.7,,,MENDOZA,mapa,TRUE,5,114
334,03/01/2020,9:38:01,-33.315,-68.893,17 Km.,2.5,,,MENDOZA,mapa,TRUE,5,17 
335,01/01/2020,20:34:51,-32.782,-68.889,10 Km.,3.6,"III -Las Heras, Mendoza; III -Ciudad de Mendoza; III -Guaymallen, Mendoza; II a III -Godoy Cruz, Mendoza",,MENDOZA,mapa,FALSE,3,10 
336,01/01/2020,14:35:03,-33.581,-68.830,6 Km.,2.5,,,MENDOZA,mapa,TRUE,3,6 